		US Stock Market	US Stock Market
Year	Month	Schiller Data	VTSMX
1871	1	4.44
1871	2	4.5
1871	3	4.61
1871	4	4.74
1871	5	4.86
1871	6	4.82
1871	7	4.73
1871	8	4.79
1871	9	4.84
1871	10	4.59
1871	11	4.64
1871	12	4.74
1872	1	4.86
1872	2	4.88
1872	3	5.04
1872	4	5.18
1872	5	5.18
1872	6	5.13
1872	7	5.1
1872	8	5.04
1872	9	4.95
1872	10	4.97
1872	11	4.95
1872	12	5.07
1873	1	5.11
1873	2	5.15
1873	3	5.11
1873	4	5.04
1873	5	5.05
1873	6	4.98
1873	7	4.97
1873	8	4.97
1873	9	4.59
1873	10	4.19
1873	11	4.04
1873	12	4.42
1874	1	4.66
1874	2	4.8
1874	3	4.73
1874	4	4.6
1874	5	4.48
1874	6	4.46
1874	7	4.46
1874	8	4.47
1874	9	4.54
1874	10	4.53
1874	11	4.57
1874	12	4.54
1875	1	4.54
1875	2	4.53
1875	3	4.59
1875	4	4.65
1875	5	4.47
1875	6	4.38
1875	7	4.39
1875	8	4.41
1875	9	4.37
1875	10	4.3
1875	11	4.37
1875	12	4.37
1876	1	4.46
1876	2	4.52
1876	3	4.51
1876	4	4.34
1876	5	4.18
1876	6	4.15
1876	7	4.1
1876	8	3.93
1876	9	3.69
1876	10	3.67
1876	11	3.6
1876	12	3.58
1877	1	3.55
1877	2	3.34
1877	3	3.17
1877	4	2.94
1877	5	2.94
1877	6	2.73
1877	7	2.85
1877	8	3.05
1877	9	3.24
1877	10	3.31
1877	11	3.26
1877	12	3.25
1878	1	3.25
1878	2	3.18
1878	3	3.24
1878	4	3.33
1878	5	3.34
1878	6	3.41
1878	7	3.48
1878	8	3.45
1878	9	3.52
1878	10	3.48
1878	11	3.47
1878	12	3.45
1879	1	3.58
1879	2	3.71
1879	3	3.65
1879	4	3.77
1879	5	3.94
1879	6	3.96
1879	7	4.04
1879	8	4.07
1879	9	4.22
1879	10	4.68
1879	11	4.93
1879	12	4.92
1880	1	5.11
1880	2	5.2
1880	3	5.3
1880	4	5.18
1880	5	4.77
1880	6	4.79
1880	7	5.01
1880	8	5.19
1880	9	5.18
1880	10	5.33
1880	11	5.61
1880	12	5.84
1881	1	6.19
1881	2	6.17
1881	3	6.24
1881	4	6.22
1881	5	6.5
1881	6	6.58
1881	7	6.35
1881	8	6.2
1881	9	6.25
1881	10	6.15
1881	11	6.19
1881	12	6.01
1882	1	5.92
1882	2	5.79
1882	3	5.78
1882	4	5.78
1882	5	5.71
1882	6	5.68
1882	7	6
1882	8	6.18
1882	9	6.24
1882	10	6.07
1882	11	5.81
1882	12	5.84
1883	1	5.81
1883	2	5.68
1883	3	5.75
1883	4	5.87
1883	5	5.77
1883	6	5.82
1883	7	5.73
1883	8	5.47
1883	9	5.53
1883	10	5.38
1883	11	5.46
1883	12	5.34
1884	1	5.18
1884	2	5.32
1884	3	5.3
1884	4	5.06
1884	5	4.65
1884	6	4.46
1884	7	4.46
1884	8	4.74
1884	9	4.59
1884	10	4.44
1884	11	4.35
1884	12	4.34
1885	1	4.24
1885	2	4.37
1885	3	4.38
1885	4	4.37
1885	5	4.32
1885	6	4.3
1885	7	4.46
1885	8	4.71
1885	9	4.65
1885	10	4.92
1885	11	5.24
1885	12	5.2
1886	1	5.2
1886	2	5.3
1886	3	5.19
1886	4	5.12
1886	5	5.02
1886	6	5.25
1886	7	5.33
1886	8	5.37
1886	9	5.51
1886	10	5.65
1886	11	5.79
1886	12	5.64
1887	1	5.58
1887	2	5.54
1887	3	5.67
1887	4	5.8
1887	5	5.9
1887	6	5.73
1887	7	5.59
1887	8	5.45
1887	9	5.38
1887	10	5.2
1887	11	5.3
1887	12	5.27
1888	1	5.31
1888	2	5.28
1888	3	5.08
1888	4	5.1
1888	5	5.17
1888	6	5.01
1888	7	5.14
1888	8	5.25
1888	9	5.38
1888	10	5.35
1888	11	5.24
1888	12	5.14
1889	1	5.24
1889	2	5.3
1889	3	5.19
1889	4	5.18
1889	5	5.32
1889	6	5.41
1889	7	5.3
1889	8	5.37
1889	9	5.5
1889	10	5.4
1889	11	5.35
1889	12	5.32
1890	1	5.38
1890	2	5.32
1890	3	5.28
1890	4	5.39
1890	5	5.62
1890	6	5.58
1890	7	5.54
1890	8	5.41
1890	9	5.32
1890	10	5.08
1890	11	4.71
1890	12	4.6
1891	1	4.84
1891	2	4.9
1891	3	4.81
1891	4	4.97
1891	5	4.95
1891	6	4.85
1891	7	4.77
1891	8	4.93
1891	9	5.33
1891	10	5.33
1891	11	5.25
1891	12	5.41
1892	1	5.51
1892	2	5.52
1892	3	5.58
1892	4	5.57
1892	5	5.57
1892	6	5.54
1892	7	5.54
1892	8	5.62
1892	9	5.48
1892	10	5.59
1892	11	5.57
1892	12	5.51
1893	1	5.61
1893	2	5.51
1893	3	5.31
1893	4	5.31
1893	5	4.84
1893	6	4.61
1893	7	4.18
1893	8	4.08
1893	9	4.37
1893	10	4.5
1893	11	4.57
1893	12	4.41
1894	1	4.32
1894	2	4.38
1894	3	4.51
1894	4	4.57
1894	5	4.4
1894	6	4.34
1894	7	4.25
1894	8	4.41
1894	9	4.48
1894	10	4.34
1894	11	4.34
1894	12	4.3
1895	1	4.25
1895	2	4.19
1895	3	4.19
1895	4	4.37
1895	5	4.61
1895	6	4.7
1895	7	4.72
1895	8	4.79
1895	9	4.82
1895	10	4.75
1895	11	4.59
1895	12	4.32
1896	1	4.27
1896	2	4.45
1896	3	4.38
1896	4	4.42
1896	5	4.4
1896	6	4.32
1896	7	4.04
1896	8	3.81
1896	9	4.01
1896	10	4.1
1896	11	4.38
1896	12	4.22
1897	1	4.22
1897	2	4.18
1897	3	4.19
1897	4	4.06
1897	5	4.08
1897	6	4.27
1897	7	4.46
1897	8	4.75
1897	9	4.98
1897	10	4.82
1897	11	4.65
1897	12	4.75
1898	1	4.88
1898	2	4.87
1898	3	4.65
1898	4	4.57
1898	5	4.87
1898	6	5.06
1898	7	5.08
1898	8	5.27
1898	9	5.26
1898	10	5.15
1898	11	5.32
1898	12	5.65
1899	1	6.08
1899	2	6.31
1899	3	6.4
1899	4	6.48
1899	5	6.21
1899	6	6.07
1899	7	6.28
1899	8	6.44
1899	9	6.37
1899	10	6.34
1899	11	6.46
1899	12	6.02
1900	1	6.1
1900	2	6.21
1900	3	6.26
1900	4	6.34
1900	5	6.04
1900	6	5.86
1900	7	5.86
1900	8	5.94
1900	9	5.8
1900	10	6.01
1900	11	6.48
1900	12	6.87
1901	1	7.07
1901	2	7.25
1901	3	7.51
1901	4	8.14
1901	5	7.73
1901	6	8.5
1901	7	7.93
1901	8	8.04
1901	9	8
1901	10	7.91
1901	11	8.08
1901	12	7.95
1902	1	8.12
1902	2	8.19
1902	3	8.2
1902	4	8.48
1902	5	8.46
1902	6	8.41
1902	7	8.6
1902	8	8.83
1902	9	8.85
1902	10	8.57
1902	11	8.24
1902	12	8.05
1903	1	8.46
1903	2	8.41
1903	3	8.08
1903	4	7.75
1903	5	7.6
1903	6	7.18
1903	7	6.85
1903	8	6.63
1903	9	6.47
1903	10	6.26
1903	11	6.28
1903	12	6.57
1904	1	6.68
1904	2	6.5
1904	3	6.48
1904	4	6.64
1904	5	6.5
1904	6	6.51
1904	7	6.78
1904	8	7.01
1904	9	7.32
1904	10	7.75
1904	11	8.17
1904	12	8.25
1905	1	8.43
1905	2	8.8
1905	3	9.05
1905	4	8.94
1905	5	8.5
1905	6	8.6
1905	7	8.87
1905	8	9.2
1905	9	9.23
1905	10	9.36
1905	11	9.31
1905	12	9.54
1906	1	9.87
1906	2	9.8
1906	3	9.56
1906	4	9.43
1906	5	9.18
1906	6	9.3
1906	7	9.06
1906	8	9.73
1906	9	10.03
1906	10	9.73
1906	11	9.93
1906	12	9.84
1907	1	9.56
1907	2	9.26
1907	3	8.35
1907	4	8.39
1907	5	8.1
1907	6	7.84
1907	7	8.14
1907	8	7.53
1907	9	7.45
1907	10	6.64
1907	11	6.25
1907	12	6.57
1908	1	6.85
1908	2	6.6
1908	3	6.87
1908	4	7.24
1908	5	7.63
1908	6	7.64
1908	7	7.92
1908	8	8.26
1908	9	8.17
1908	10	8.27
1908	11	8.83
1908	12	9.03
1909	1	9.06
1909	2	8.8
1909	3	8.92
1909	4	9.32
1909	5	9.63
1909	6	9.8
1909	7	9.94
1909	8	10.18
1909	9	10.19
1909	10	10.23
1909	11	10.18
1909	12	10.3
1910	1	10.08
1910	2	9.72
1910	3	9.96
1910	4	9.72
1910	5	9.56
1910	6	9.1
1910	7	8.64
1910	8	8.85
1910	9	8.91
1910	10	9.32
1910	11	9.31
1910	12	9.05
1911	1	9.27
1911	2	9.43
1911	3	9.32
1911	4	9.28
1911	5	9.48
1911	6	9.67
1911	7	9.63
1911	8	9.17
1911	9	8.67
1911	10	8.72
1911	11	9.07
1911	12	9.11
1912	1	9.12
1912	2	9.04
1912	3	9.3
1912	4	9.59
1912	5	9.58
1912	6	9.58
1912	7	9.59
1912	8	9.81
1912	9	9.86
1912	10	9.84
1912	11	9.73
1912	12	9.38
1913	1	9.3
1913	2	8.97
1913	3	8.8
1913	4	8.79
1913	5	8.55
1913	6	8.12
1913	7	8.23
1913	8	8.45
1913	9	8.53
1913	10	8.26
1913	11	8.05
1913	12	8.04
1914	1	8.37
1914	2	8.48
1914	3	8.32
1914	4	8.12
1914	5	8.17
1914	6	8.13
1914	7	7.68
1914	8	7.68
1914	9	7.68
1914	10	7.68
1914	11	7.68
1914	12	7.35
1915	1	7.48
1915	2	7.38
1915	3	7.57
1915	4	8.14
1915	5	7.95
1915	6	8.04
1915	7	8.01
1915	8	8.35
1915	9	8.66
1915	10	9.14
1915	11	9.46
1915	12	9.48
1916	1	9.33
1916	2	9.2
1916	3	9.17
1916	4	9.07
1916	5	9.27
1916	6	9.36
1916	7	9.23
1916	8	9.3
1916	9	9.68
1916	10	9.98
1916	11	10.21
1916	12	9.8
1917	1	9.57
1917	2	9.03
1917	3	9.31
1917	4	9.17
1917	5	8.86
1917	6	9.04
1917	7	8.79
1917	8	8.53
1917	9	8.12
1917	10	7.68
1917	11	7.04
1917	12	6.8
1918	1	7.21
1918	2	7.43
1918	3	7.28
1918	4	7.21
1918	5	7.44
1918	6	7.45
1918	7	7.51
1918	8	7.58
1918	9	7.54
1918	10	7.86
1918	11	8.06
1918	12	7.9
1919	1	7.85
1919	2	7.88
1919	3	8.12
1919	4	8.39
1919	5	8.97
1919	6	9.21
1919	7	9.51
1919	8	8.87
1919	9	9.01
1919	10	9.47
1919	11	9.19
1919	12	8.92
1920	1	8.83
1920	2	8.1
1920	3	8.67
1920	4	8.6
1920	5	8.06
1920	6	7.92
1920	7	7.91
1920	8	7.6
1920	9	7.87
1920	10	7.88
1920	11	7.48
1920	12	6.81
1921	1	7.11
1921	2	7.06
1921	3	6.88
1921	4	6.91
1921	5	7.12
1921	6	6.55
1921	7	6.53
1921	8	6.45
1921	9	6.61
1921	10	6.7
1921	11	7.06
1921	12	7.31
1922	1	7.3
1922	2	7.46
1922	3	7.74
1922	4	8.21
1922	5	8.53
1922	6	8.45
1922	7	8.51
1922	8	8.83
1922	9	9.06
1922	10	9.26
1922	11	8.8
1922	12	8.78
1923	1	8.9
1923	2	9.28
1923	3	9.43
1923	4	9.1
1923	5	8.67
1923	6	8.34
1923	7	8.06
1923	8	8.1
1923	9	8.15
1923	10	8.03
1923	11	8.27
1923	12	8.55
1924	1	8.83
1924	2	8.87
1924	3	8.7
1924	4	8.5
1924	5	8.47
1924	6	8.63
1924	7	9.03
1924	8	9.34
1924	9	9.25
1924	10	9.13
1924	11	9.64
1924	12	10.16
1925	1	10.58
1925	2	10.67
1925	3	10.39
1925	4	10.28
1925	5	10.61
1925	6	10.8
1925	7	11.1
1925	8	11.25
1925	9	11.51
1925	10	11.89
1925	11	12.26
1925	12	12.46
1926	1	12.65
1926	2	12.67
1926	3	11.81
1926	4	11.48
1926	5	11.56
1926	6	12.11
1926	7	12.62
1926	8	13.12
1926	9	13.32
1926	10	13.02
1926	11	13.19
1926	12	13.49
1927	1	13.4
1927	2	13.66
1927	3	13.87
1927	4	14.21
1927	5	14.7
1927	6	14.89
1927	7	15.22
1927	8	16.03
1927	9	16.94
1927	10	16.68
1927	11	17.06
1927	12	17.46
1928	1	17.53
1928	2	17.32
1928	3	18.25
1928	4	19.4
1928	5	20
1928	6	19.02
1928	7	19.16
1928	8	19.78
1928	9	21.17
1928	10	21.6
1928	11	23.06
1928	12	23.15
1929	1	24.86
1929	2	24.99
1929	3	25.43
1929	4	25.28
1929	5	25.66
1929	6	26.15
1929	7	28.48
1929	8	30.1
1929	9	31.3
1929	10	27.99
1929	11	20.58
1929	12	21.4
1930	1	21.71
1930	2	23.07
1930	3	23.94
1930	4	25.46
1930	5	23.94
1930	6	21.52
1930	7	21.06
1930	8	20.79
1930	9	20.78
1930	10	17.92
1930	11	16.62
1930	12	15.51
1931	1	15.98
1931	2	17.2
1931	3	17.53
1931	4	15.86
1931	5	14.33
1931	6	13.87
1931	7	14.33
1931	8	13.9
1931	9	11.83
1931	10	10.25
1931	11	10.39
1931	12	8.44
1932	1	8.3
1932	2	8.23
1932	3	8.26
1932	4	6.28
1932	5	5.51
1932	6	4.77
1932	7	5.01
1932	8	7.53
1932	9	8.26
1932	10	7.12
1932	11	7.05
1932	12	6.82
1933	1	7.09
1933	2	6.25
1933	3	6.23
1933	4	6.89
1933	5	8.87
1933	6	10.39
1933	7	11.23
1933	8	10.67
1933	9	10.58
1933	10	9.55
1933	11	9.78
1933	12	9.97
1934	1	10.54
1934	2	11.32
1934	3	10.74
1934	4	10.92
1934	5	9.81
1934	6	9.94
1934	7	9.47
1934	8	9.1
1934	9	8.88
1934	10	8.95
1934	11	9.2
1934	12	9.26
1935	1	9.26
1935	2	8.98
1935	3	8.41
1935	4	9.04
1935	5	9.75
1935	6	10.12
1935	7	10.65
1935	8	11.37
1935	9	11.61
1935	10	11.92
1935	11	13.04
1935	12	13.04
1936	1	13.76
1936	2	14.55
1936	3	14.86
1936	4	14.88
1936	5	14.09
1936	6	14.69
1936	7	15.56
1936	8	15.87
1936	9	16.05
1936	10	16.89
1936	11	17.36
1936	12	17.06
1937	1	17.59
1937	2	18.11
1937	3	18.09
1937	4	17.01
1937	5	16.25
1937	6	15.64
1937	7	16.57
1937	8	16.74
1937	9	14.37
1937	10	12.28
1937	11	11.2
1937	12	11.02
1938	1	11.31
1938	2	11.04
1938	3	10.31
1938	4	9.89
1938	5	9.98
1938	6	10.21
1938	7	12.24
1938	8	12.31
1938	9	11.75
1938	10	13.06
1938	11	13.07
1938	12	12.69
1939	1	12.5
1939	2	12.4
1939	3	12.39
1939	4	10.83
1939	5	11.23
1939	6	11.43
1939	7	11.71
1939	8	11.54
1939	9	12.77
1939	10	12.9
1939	11	12.67
1939	12	12.37
1940	1	12.3
1940	2	12.22
1940	3	12.15
1940	4	12.27
1940	5	10.58
1940	6	9.67
1940	7	9.99
1940	8	10.2
1940	9	10.63
1940	10	10.73
1940	11	10.98
1940	12	10.53
1941	1	10.55
1941	2	9.89
1941	3	9.95
1941	4	9.64
1941	5	9.43
1941	6	9.76
1941	7	10.26
1941	8	10.21
1941	9	10.24
1941	10	9.83
1941	11	9.37
1941	12	8.76
1942	1	8.93
1942	2	8.65
1942	3	8.18
1942	4	7.84
1942	5	7.93
1942	6	8.33
1942	7	8.64
1942	8	8.59
1942	9	8.68
1942	10	9.32
1942	11	9.47
1942	12	9.52
1943	1	10.09
1943	2	10.69
1943	3	11.07
1943	4	11.44
1943	5	11.89
1943	6	12.1
1943	7	12.35
1943	8	11.74
1943	9	11.99
1943	10	11.88
1943	11	11.33
1943	12	11.48
1944	1	11.85
1944	2	11.77
1944	3	12.1
1944	4	11.89
1944	5	12.1
1944	6	12.67
1944	7	13
1944	8	12.81
1944	9	12.6
1944	10	12.91
1944	11	12.82
1944	12	13.1
1945	1	13.49
1945	2	13.94
1945	3	13.93
1945	4	14.28
1945	5	14.82
1945	6	15.09
1945	7	14.78
1945	8	14.83
1945	9	15.84
1945	10	16.5
1945	11	17.04
1945	12	17.33
1946	1	18.02
1946	2	18.07
1946	3	17.53
1946	4	18.66
1946	5	18.7
1946	6	18.58
1946	7	18.05
1946	8	17.7
1946	9	15.09
1946	10	14.75
1946	11	14.69
1946	12	15.13
1947	1	15.21
1947	2	15.8
1947	3	15.16
1947	4	14.6
1947	5	14.34
1947	6	14.84
1947	7	15.77
1947	8	15.46
1947	9	15.06
1947	10	15.45
1947	11	15.27
1947	12	15.03
1948	1	14.83
1948	2	14.1
1948	3	14.3
1948	4	15.4
1948	5	16.15
1948	6	16.82
1948	7	16.42
1948	8	15.94
1948	9	15.76
1948	10	16.19
1948	11	15.29
1948	12	15.19
1949	1	15.36
1949	2	14.77
1949	3	14.91
1949	4	14.89
1949	5	14.78
1949	6	13.97
1949	7	14.76
1949	8	15.29
1949	9	15.49
1949	10	15.89
1949	11	16.11
1949	12	16.54
1950	1	16.88
1950	2	17.21
1950	3	17.35
1950	4	17.84
1950	5	18.44
1950	6	18.74
1950	7	17.38
1950	8	18.43
1950	9	19.08
1950	10	19.87
1950	11	19.83
1950	12	19.75
1951	1	21.21
1951	2	22
1951	3	21.63
1951	4	21.92
1951	5	21.93
1951	6	21.55
1951	7	21.93
1951	8	22.89
1951	9	23.48
1951	10	23.36
1951	11	22.71
1951	12	23.41
1952	1	24.19
1952	2	23.75
1952	3	23.81
1952	4	23.74
1952	5	23.73
1952	6	24.38
1952	7	25.08
1952	8	25.18
1952	9	24.78
1952	10	24.26
1952	11	25.03
1952	12	26.04
1953	1	26.18
1953	2	25.86
1953	3	25.99
1953	4	24.71
1953	5	24.84
1953	6	23.95
1953	7	24.29
1953	8	24.39
1953	9	23.27
1953	10	23.97
1953	11	24.5
1953	12	24.83
1954	1	25.46
1954	2	26.02
1954	3	26.57
1954	4	27.63
1954	5	28.73
1954	6	28.96
1954	7	30.13
1954	8	30.73
1954	9	31.45
1954	10	32.18
1954	11	33.44
1954	12	34.97
1955	1	35.6
1955	2	36.79
1955	3	36.5
1955	4	37.76
1955	5	37.6
1955	6	39.78
1955	7	42.69
1955	8	42.43
1955	9	44.34
1955	10	42.11
1955	11	44.95
1955	12	45.37
1956	1	44.15
1956	2	44.43
1956	3	47.49
1956	4	48.05
1956	5	46.54
1956	6	46.27
1956	7	48.78
1956	8	48.49
1956	9	46.84
1956	10	46.24
1956	11	45.76
1956	12	46.44
1957	1	45.43
1957	2	43.47
1957	3	44.03
1957	4	45.05
1957	5	46.78
1957	6	47.55
1957	7	48.51
1957	8	45.84
1957	9	43.98
1957	10	41.24
1957	11	40.35
1957	12	40.33
1958	1	41.12
1958	2	41.26
1958	3	42.11
1958	4	42.34
1958	5	43.7
1958	6	44.75
1958	7	45.98
1958	8	47.7
1958	9	48.96
1958	10	50.95
1958	11	52.5
1958	12	53.49
1959	1	55.62
1959	2	54.77
1959	3	56.16
1959	4	57.1
1959	5	57.96
1959	6	57.46
1959	7	59.74
1959	8	59.4
1959	9	57.05
1959	10	57
1959	11	57.23
1959	12	59.06
1960	1	58.03
1960	2	55.78
1960	3	55.02
1960	4	55.73
1960	5	55.22
1960	6	57.26
1960	7	55.84
1960	8	56.51
1960	9	54.81
1960	10	53.73
1960	11	55.47
1960	12	56.8
1961	1	59.72
1961	2	62.17
1961	3	64.12
1961	4	65.83
1961	5	66.5
1961	6	65.62
1961	7	65.44
1961	8	67.79
1961	9	67.26
1961	10	68
1961	11	71.08
1961	12	71.74
1962	1	69.07
1962	2	70.22
1962	3	70.29
1962	4	68.05
1962	5	62.99
1962	6	55.63
1962	7	56.97
1962	8	58.52
1962	9	58
1962	10	56.17
1962	11	60.04
1962	12	62.64
1963	1	65.06
1963	2	65.92
1963	3	65.67
1963	4	68.76
1963	5	70.14
1963	6	70.11
1963	7	69.07
1963	8	70.98
1963	9	72.85
1963	10	73.03
1963	11	72.62
1963	12	74.17
1964	1	76.45
1964	2	77.39
1964	3	78.8
1964	4	79.94
1964	5	80.72
1964	6	80.24
1964	7	83.22
1964	8	82
1964	9	83.41
1964	10	84.85
1964	11	85.44
1964	12	83.96
1965	1	86.12
1965	2	86.75
1965	3	86.83
1965	4	87.97
1965	5	89.28
1965	6	85.04
1965	7	84.91
1965	8	86.49
1965	9	89.38
1965	10	91.39
1965	11	92.15
1965	12	91.73
1966	1	93.32
1966	2	92.69
1966	3	88.88
1966	4	91.6
1966	5	86.78
1966	6	86.06
1966	7	85.84
1966	8	80.65
1966	9	77.81
1966	10	77.13
1966	11	80.99
1966	12	81.33
1967	1	84.45
1967	2	87.36
1967	3	89.42
1967	4	90.96
1967	5	92.59
1967	6	91.43
1967	7	93.01
1967	8	94.49
1967	9	95.81
1967	10	95.66
1967	11	92.66
1967	12	95.3
1968	1	95.04
1968	2	90.75
1968	3	89.09
1968	4	95.67
1968	5	97.87
1968	6	100.5
1968	7	100.3
1968	8	98.11
1968	9	101.3
1968	10	103.8
1968	11	105.4
1968	12	106.5
1969	1	102
1969	2	101.5
1969	3	99.3
1969	4	101.3
1969	5	104.6
1969	6	99.14
1969	7	94.71
1969	8	94.18
1969	9	94.51
1969	10	95.52
1969	11	96.21
1969	12	91.11
1970	1	90.31
1970	2	87.16
1970	3	88.65
1970	4	85.95
1970	5	76.06
1970	6	75.59
1970	7	75.72
1970	8	77.92
1970	9	82.58
1970	10	84.37
1970	11	84.28
1970	12	90.05
1971	1	93.49
1971	2	97.11
1971	3	99.6
1971	4	103
1971	5	101.6
1971	6	99.72
1971	7	99
1971	8	97.24
1971	9	99.4
1971	10	97.29
1971	11	92.78
1971	12	99.17
1972	1	103.3
1972	2	105.2
1972	3	107.7
1972	4	108.8
1972	5	107.7
1972	6	108
1972	7	107.2
1972	8	111
1972	9	109.4
1972	10	109.6
1972	11	115.1
1972	12	117.5
1973	1	118.4
1973	2	114.2
1973	3	112.4
1973	4	110.3
1973	5	107.2
1973	6	104.8
1973	7	105.8
1973	8	103.8
1973	9	105.6
1973	10	109.8
1973	11	102
1973	12	94.78
1974	1	96.11
1974	2	93.45
1974	3	97.44
1974	4	92.46
1974	5	89.67
1974	6	89.79
1974	7	79.31
1974	8	76.03
1974	9	68.12
1974	10	69.44
1974	11	71.74
1974	12	67.07
1975	1	72.56
1975	2	80.1
1975	3	83.78
1975	4	84.72
1975	5	90.1
1975	6	92.4
1975	7	92.49
1975	8	85.71
1975	9	84.67
1975	10	88.57
1975	11	90.07
1975	12	88.7
1976	1	96.86
1976	2	100.6
1976	3	101.1
1976	4	101.9
1976	5	101.2
1976	6	101.8
1976	7	104.2
1976	8	103.3
1976	9	105.5
1976	10	101.9
1976	11	101.2
1976	12	104.7
1977	1	103.8
1977	2	101
1977	3	100.6
1977	4	99.05
1977	5	98.76
1977	6	99.29
1977	7	100.2
1977	8	97.75
1977	9	96.23
1977	10	93.74
1977	11	94.28
1977	12	93.82
1978	1	90.25
1978	2	88.98
1978	3	88.82
1978	4	92.71
1978	5	97.41
1978	6	97.66
1978	7	97.19
1978	8	103.9
1978	9	103.9
1978	10	100.6
1978	11	94.71
1978	12	96.11
1979	1	99.71
1979	2	98.23
1979	3	100.1
1979	4	102.1
1979	5	99.73
1979	6	101.7
1979	7	102.7
1979	8	107.4
1979	9	108.6
1979	10	104.5
1979	11	103.7
1979	12	107.8
1980	1	110.9
1980	2	115.3
1980	3	104.7
1980	4	103
1980	5	107.7
1980	6	114.6
1980	7	119.8
1980	8	123.5
1980	9	126.5
1980	10	130.2
1980	11	135.7
1980	12	133.5
1981	1	133
1981	2	128.4
1981	3	133.2
1981	4	134.4
1981	5	131.7
1981	6	132.3
1981	7	129.1
1981	8	129.6
1981	9	118.3
1981	10	119.8
1981	11	122.9
1981	12	123.8
1982	1	117.3
1982	2	114.5
1982	3	110.8
1982	4	116.3
1982	5	116.4
1982	6	109.7
1982	7	109.4
1982	8	109.7
1982	9	122.4
1982	10	132.7
1982	11	138.1
1982	12	139.4
1983	1	144.3
1983	2	146.8
1983	3	151.9
1983	4	157.7
1983	5	164.1
1983	6	166.4
1983	7	167
1983	8	162.4
1983	9	167.2
1983	10	167.7
1983	11	165.2
1983	12	164.4
1984	1	166.4
1984	2	157.3
1984	3	157.4
1984	4	157.6
1984	5	156.6
1984	6	153.1
1984	7	151.1
1984	8	164.4
1984	9	166.1
1984	10	164.8
1984	11	166.3
1984	12	164.5
1985	1	171.6
1985	2	180.9
1985	3	179.4
1985	4	180.6
1985	5	184.9
1985	6	188.9
1985	7	192.5
1985	8	188.3
1985	9	184.1
1985	10	186.2
1985	11	197.5
1985	12	207.3
1986	1	208.2
1986	2	219.4
1986	3	232.3
1986	4	238
1986	5	238.5
1986	6	245.3
1986	7	240.2
1986	8	245
1986	9	238.3
1986	10	237.4
1986	11	245.1
1986	12	248.6
1987	1	264.5
1987	2	280.9
1987	3	292.5
1987	4	289.3
1987	5	289.1
1987	6	301.4
1987	7	310.1
1987	8	329.4
1987	9	318.7
1987	10	280.2
1987	11	245
1987	12	241
1988	1	250.5
1988	2	258.1
1988	3	265.7
1988	4	262.6
1988	5	256.1
1988	6	270.7
1988	7	269.1
1988	8	263.7
1988	9	268
1988	10	277.4
1988	11	271
1988	12	276.5
1989	1	285.4
1989	2	294
1989	3	292.7
1989	4	302.3
1989	5	313.9
1989	6	323.7
1989	7	331.9
1989	8	346.6
1989	9	347.3
1989	10	347.4
1989	11	340.2
1989	12	348.6
1990	1	339.97
1990	2	330.45
1990	3	338.46
1990	4	338.18
1990	5	350.25
1990	6	360.39
1990	7	360.03
1990	8	330.75
1990	9	315.41
1990	10	307.12
1990	11	315.29
1990	12	328.75
1991	1	325.49
1991	2	362.26
1991	3	372.28
1991	4	379.68
1991	5	377.99
1991	6	378.29
1991	7	380.23
1991	8	389.4
1991	9	387.2
1991	10	386.88
1991	11	385.92
1991	12	388.51
1992	1	416.08
1992	2	412.56
1992	3	407.36
1992	4	407.41	5.7072
1992	5	414.81	5.7465
1992	6	408.27	5.6288
1992	7	415.05	5.853
1992	8	417.93	5.7241
1992	9	418.48	5.7969
1992	10	412.5	5.8646
1992	11	422.84	6.1127
1992	12	435.64	6.2085
1993	1	435.23	6.2715
1993	2	441.7	6.3001
1993	3	450.16	6.4494
1993	4	443.08	6.2709
1993	5	445.25	6.4609
1993	6	448.06	6.4964
1993	7	447.29	6.479
1993	8	454.13	6.7338
1993	9	459.24	6.7345
1993	10	463.9	6.8451
1993	11	462.89	6.7345
1993	12	465.95	6.9096
1994	1	472.99	7.1224
1994	2	471.58	6.9628
1994	3	463.81	6.6535
1994	4	447.23	6.713
1994	5	450.9	6.7783
1994	6	454.83	6.5936
1994	7	451.4	6.7967
1994	8	464.24	7.0953
1994	9	466.96	6.9639
1994	10	463.81	7.0719
1994	11	461.01	6.8138
1994	12	455.19	6.8795
1995	1	465.25	7.0308
1995	2	481.92	7.3152
1995	3	493.15	7.5093
1995	4	507.91	7.6978
1995	5	523.81	7.9653
1995	6	539.35	8.2025
1995	7	557.37	8.5323
1995	8	559.11	8.6239
1995	9	578.77	8.9355
1995	10	582.92	8.8313
1995	11	595.53	9.1992
1995	12	614.57	9.2854
1996	1	614.42	9.5324
1996	2	649.54	9.6867
1996	3	647.07	9.7792
1996	4	647.17	10.0147
1996	5	661.23	10.2812
1996	6	668.5	10.1945
1996	7	644.07	9.6471
1996	8	662.68	9.9457
1996	9	674.88	10.4809
1996	10	701.46	10.6307
1996	11	735.67	11.3548
1996	12	743.25	11.1609
1997	1	766.22	11.7701
1997	2	798.39	11.7576
1997	3	792.16	11.2096
1997	4	763.93	11.7137
1997	5	833.09	12.5454
1997	6	876.29	13.0933
1997	7	925.29	14.1107
1997	8	927.24	13.5862
1997	9	937.02	14.3697
1997	10	951.16	13.8818
1997	11	938.92	14.3443
1997	12	962.37	14.4353
1998	1	963.36	14.4991
1998	2	1023.74	15.5639
1998	3	1076.83	16.3226
1998	4	1112.2	16.5016
1998	5	1108.42	16.0542
1998	6	1108.39	16.6233
1998	7	1156.58	16.2453
1998	8	1074.62	13.7022
1998	9	1020.64	14.6174
1998	10	1032.47	15.7157
1998	11	1144.43	16.6854
1998	12	1190.05	17.8629
1999	1	1248.77	18.5143
1999	2	1246.58	17.8238
1999	3	1281.66	18.5651
1999	4	1334.76	19.4335
1999	5	1332.07	19.0453
1999	6	1322.55	20.0283
1999	7	1380.99	19.3882
1999	8	1327.49	19.21
1999	9	1318.17	18.7419
1999	10	1300.01	19.9132
1999	11	1391	20.6015
1999	12	1428.68	22.2358
2000	1	1425.59	21.3054
2000	2	1388.87	21.8476
2000	3	1442.21	23.1358
2000	4	1461.36	21.9309
2000	5	1418.48	21.1837
2000	6	1461.96	22.1201
2000	7	1473	21.6882
2000	8	1485.46	23.2673
2000	9	1468.05	22.1807
2000	10	1390.14	21.7273
2000	11	1378.04	19.5756
2000	12	1330.93	19.9869
2001	1	1335.63	20.7519
2001	2	1305.75	18.7983
2001	3	1185.85	17.534
2001	4	1189.84	18.9655
2001	5	1270.37	19.1573
2001	6	1238.71	18.8436
2001	7	1204.45	18.5209
2001	8	1178.5	17.4088
2001	9	1044.64	15.8416
2001	10	1076.59	16.2411
2001	11	1129.68	17.4809
2001	12	1144.93	17.7929
2002	1	1140.21	17.5717
2002	2	1100.67	17.2123
2002	3	1153.79	17.9656
2002	4	1111.93	17.0853
2002	5	1079.25	16.8774
2002	6	1014.02	15.6846
2002	7	903.59	14.4267
2002	8	912.55	14.5032
2002	9	867.81	13.0418
2002	10	854.63	14.0391
2002	11	909.93	14.89
2002	12	899.18	14.0619
2003	1	895.84	13.7046
2003	2	837.03	13.4734
2003	3	846.63	13.6195
2003	4	890.03	14.7375
2003	5	935.96	15.6375
2003	6	988	15.8616
2003	7	992.54	16.2354
2003	8	989.53	16.6233
2003	9	1019.44	16.4325
2003	10	1038.73	17.4374
2003	11	1049.9	17.678
2003	12	1080.64	18.47
2004	1	1132.52	18.8822
2004	2	1143.36	19.1522
2004	3	1123.98	18.9472
2004	4	1133.36	18.548
2004	5	1102.78	18.7975
2004	6	1132.76	19.1898
2004	7	1105.85	18.4602
2004	8	1088.94	18.5174
2004	9	1117.66	18.8398
2004	10	1117.21	19.1556
2004	11	1168.94	20.0527
2004	12	1199.21	20.7817
2005	1	1181.41	20.2255
2005	2	1199.63	20.6444
2005	3	1194.9	20.2837
2005	4	1164.43	19.8125
2005	5	1178.28	20.5592
2005	6	1202.25	20.7256
2005	7	1222.24	21.5764
2005	8	1224.27	21.3801
2005	9	1225.92	21.556
2005	10	1191.96	21.1542
2005	11	1237.37	21.9943
2005	12	1262.07	22.0241
2006	1	1278.73	22.7949
2006	2	1276.65	22.7949
2006	3	1293.74	23.206
2006	4	1302.17	23.4639
2006	5	1290.01	22.7048
2006	6	1253.17	22.7439
2006	7	1260.24	22.7143
2006	8	1287.15	23.2396
2006	9	1317.74	23.766
2006	10	1363.38	24.6052
2006	11	1388.64	25.1548
2006	12	1416.42	25.4397
2007	1	1424.16	25.9173
2007	2	1444.8	25.4994
2007	3	1406.95	25.7821
2007	4	1463.64	26.816
2007	5	1511.14	27.8051
2007	6	1514.19	27.3394
2007	7	1520.71	26.407
2007	8	1454.62	26.7905
2007	9	1497.12	27.7536
2007	10	1539.66	28.267
2007	11	1463.39	26.9986
2007	12	1479.22	26.8356
2008	1	1378.76	25.2039
2008	2	1354.87	24.4298
2008	3	1316.94	24.2879
2008	4	1370.47	25.5076
2008	5	1403.22	26.0413
2008	6	1341.25	23.9078
2008	7	1257.33	23.724
2008	8	1281.47	24.0992
2008	9	1216.95	21.8653
2008	10	968.8	18.0108
2008	11	883.04	16.5874
2008	12	877.56	16.8959
2009	1	865.58	15.5008
2009	2	805.23	13.881
2009	3	757.13	15.0801
2009	4	848.15	16.6794
2009	5	902.41	17.5765
2009	6	926.12	17.6369
2009	7	935.82	19.0165
2009	8	1009.73	19.7141
2009	9	1044.55	20.5382
2009	10	1067.66	20.0108
2009	11	1088.07	21.1365
2009	12	1110.38	21.7421
2010	1	1123.58	20.9817
2010	2	1089.16	21.6866
2010	3	1152.05	23.0461
2010	4	1197.32	23.547
2010	5	1125.06	21.6629
2010	6	1083.36	20.436
2010	7	1079.8	21.8655
2010	8	1087.28	20.8273
2010	9	1122.08	22.7986
2010	10	1171.58	23.6974
2010	11	1198.89	23.8338
2010	12	1241.53	25.4576
2011	1	1282.62	26.0141
2011	2	1321.12	26.9498
2011	3	1304.49	27.0719
2011	4	1331.51	27.8817
2011	5	1338.31	27.5578
2011	6	1287.29	27.065
2011	7	1325.19	26.4552
2011	8	1185.31	24.8617
2011	9	1173.88	22.9304
2011	10	1207.22	25.569
2011	11	1226.42	25.4955
2011	12	1243.32	25.7033
2012	1	1300.58	27.0095
2012	2	1352.49	28.1595
2012	3	1389.24	29.0233
2012	4	1386.43	28.8336
2012	5	1341.27	27.0357
2012	6	1323.48	28.0936
2012	7	1359.78	28.3836
2012	8	1403.45	29.088
2012	9	1443.42	29.8379
2012	10	1437.82	29.3134
2012	11	1394.51	29.5298
2012	12	1422.29	29.8812
2013	1	1480.4	31.5245
2013	2	1512.31	31.9269
2013	3	1550.83	33.1654
2013	4	1570.7	33.7295
2013	5	1639.84	34.5125
2013	6	1618.77	34.0733
2013	7	1668.68	35.9423
2013	8	1670.09	34.9274
2013	9	1687.17	36.2062
2013	10	1720.03	37.7353
2013	11	1783.54	38.8227
2013	12	1807.78	39.8439
2014	1	1822.36	38.606
2014	2	1817.04	40.433
2014	3	1863.52	40.6397
2014	4	1864.26	40.6654
2014	5	1889.77	41.5483
2014	6	1947.09	42.6027
2014	7	1973.1	41.7594
2014	8	1961.53	43.5062
2014	9	1993.23	42.5755
2014	10	1937.27	43.7421
2014	11	2044.57	44.7963
2014	12	2054.27	44.7949
2015	1	2028.18	43.553
2015	2	2082.2	46.0628
2015	3	2079.99	45.5838
2015	4	2094.86	45.7757
2015	5	2111.94	46.4125
2015	6	2099.29	45.6182
2015	7	2094.14	46.3626
2015	8	2039.87	43.5777
2015	9	1944.41	42.2902
2015	10	2024.81	45.6075
2015	11	2080.62	45.8539
2015	12	2054.08	44.92
2016	1	1918.6	42.3723
2016	2	1904.42	42.3546
2016	3	2021.95	45.3238
2016	4	2075.54	45.6081
2016	5	2065.55	46.4256
2016	6	2083.89	46.5289
2016	7	2148.9	48.3668
2016	8	2170.95	48.4917
2016	9	2157.69	48.5677
2016	10	2143.02	47.4921
2016	11	2164.99	49.5986
2016	12	2246.63	50.5519
2017	1	2275.12	51.5168
2017	2	2329.91	53.4285
2017	3	2366.82	53.464
2017	4	2359.31	54.0254
2017	5	2395.35	54.5687
2017	6	2433.99	55.0697
2017	7	2454.1	56.0974
2017	8	2456.22	56.1793
2017	9	2492.84	57.557
2017	10	2557	58.7989
2017	11	2593.61	60.5887
2017	12	2664.34	61.1911
2018	1	2789.8	64.4388
2018	2	2705.16	62.0443
2018	3	2702.77	60.8072
2018	4	2653.63	61.0374
2018	5	2701.49	62.7411
2018	6	2754.35	63.165
2018	7	2793.64	65.2729
2018	8	2857.82	67.5196
2018	9	2901.5	67.6281
2018	10	2785.46	62.6224
2018	11	2723.23	63.9133
2018	12	2567.31	57.9669
2019	1	2607.39	62.9438
2019	2	2754.86	65.1474
2019	3	2803.98	66.0757
2019	4	2903.8	68.7034
2019	5	2854.71	64.2739
2019	6	2890.17	68.7528
2019	7	2996.11	69.7415
2019	8	2897.5	68.329
2019	9	2982.16	69.4929
2019	10	2977.68	70.9493
2019	11	3104.9	73.6257
2019	12	3176.75	75.7245
2020	1	3278.2	75.6675
2020	2	3277.31	69.4791
2020	3	2652.39	59.9105
2020	4	2761.98	67.847
2020	5	2919.62	71.4953
2020	6	3104.66	73.1168
2020	7	3207.62	77.2406
2020	8	3391.71	82.7838
2020	9	3365.52	79.8273
2020	10	3418.7	78.1041
2020	11	3548.99	87.6252
2020	12	3695.31	91.5246
2021	1	3793.75	91.2154
2021	2	3883.43	94.1242
2021	3	3910.51	97.3852
2021	4	4141.18	102.3867
2021	5	4167.85	102.8229
2021	6	4238.49	105.4208
2021	7	4363.71	107.219
2021	8	4454.21	110.2807
2021	9	4445.54	105.335
2021	10	4460.71	112.4022
2021	11	4667.39	110.7256
2021	12	4674.77	114.9476
2022	1	4573.82	108.0036
2022	2	4435.98	105.2456
2022	3	4391.27	108.652
2022	4	4391.3	98.8441
2022	5	4040.36	98.5793
2022	6	3898.95	90.3195
2022	7	3911.73	98.8051
2022	8	4158.56	95.1038
2022	9	3850.52	86.2734
2022	10	3726.05	93.3097
2022	11	3917.49	98.1916
2022	12	3912.38	92.42
2023	1	3960.66	98.7839
2023	2	4079.68	96.4707
2023	3	3968.56	98.9979
2023	4	4121.47	100.0343
2023	5	4146.17	100.4428
2023	6	4345.37	107.3
2023	7	4455.59	111.13
2023	8	4330.899233	108.02